<?xml version="1.0" encoding="UTF-8"?>
<Suite name="IKEASuite" active="Y" description="Test Suite containing the test case for the IKEA Pilot">
	<Tests>

		<Test testFile="ItemManagement/IKEA_ItemManagement_createSingleItem.xml"/>
		<!--<Test testFile="ItemManagement/IKEA_ItemManagement_createMultiple.xml"/>-->
		<Test testFile="ItemManagement/IKEA_ItemManagement_updateSingleItem.xml"/>
		<Test testFile="UserManagement/IKEA_UserManagement_createUser_service.xml"/>
		<Test testFile="Organization/IKEA_Organization_CreateCDC_UT_001.xml"/>
		<Test testFile="Organization/IKEA_Organization_CreateStore_UT_002.xml"/>
		<Test testFile="Organization/IKEA_Organization_CreateSupplier_UT_003.xml"/>
		<Test testFile="Organization/IKEA_Organization_CreateLSC_UT_004.xml"/>
		<Test testFile="Organization/IKEA_Organization_DeleteCDC_UT_005.xml"/>
		<Test testFile="Organization/IKEA_Organization_DeleteLSC_UT_006.xml"/>
		<Test testFile="Organization/IKEA_Organization_DeleteSupplier_UT_007.xml"/>
		<Test testFile="Organization/IKEA_Organization_DeleteStore_UT_008.xml"/>
		<Test testFile="Organization/IKEA_Organization_ModifyCDC_UT_009.xml"/>
		<Test testFile="Organization/IKEA_Organization_ModifyNonExistingCDC_UT_010.xml"/>
		<Test testFile="Organization/IKEA_Organization_CreateCalendarCDC_UT_011.xml"/>
		<Test testFile="Organization/IKEA_Organization_CreateCalendarCDC_UT_012.xml"/>
		<Test testFile="Organization/IKEA_Organization_ModifyCalendarCDC_UT_013.xml"/>
		<Test testFile="Organization/IKEA_Organization_CreateCDCNoLocaleCode_UT_014.xml"/>
		<Test testFile="Organization/IKEA_Organization_CreateNodeTransferSchedule_UT_015.xml"/>
		<Test testFile="Organization/IKEA_Organization_ModifyNodeTransferSchedule_UT_016.xml"/>
		<Test testFile="Organization/IKEA_Organization_CreateNodeTransferScheduleBadFromNode_UT_017.xml"/>
		<Test testFile="Organization/IKEA_Organization_CreateNodeTransferScheduleBadToNode_UT_018.xml"/>
		<Test testFile="InventoryAdjustment/IKEA_InventoryAdjustment_AdjustInventory_UT001.xml"/>
		<Test testFile="InventoryAdjustment/IKEA_InventoryAdjustment_AdjustInventory_UT003.xml"/>
		<Test testFile="InventoryAdjustment/IKEA_InventoryAdjustment_AdjustInventory_UT002.xml"/>
		<Test testFile="InventoryAdjustment/IKEA_InventoryAdjustment_FindInventory_UT004.xml"/>
		<Test testFile="InventorySync/IKEA_Inventory_InventorySync_UT_001.xml"/>
		<Test testFile="InventorySync/IKEA_Inventory_InventorySync_UT_002.xml"/>
		<Test testFile="CreateOrder/IKEA_CreateOrder_Delivered_IT_Test.xml" />
		<Test testFile="CreateOrder/IKEA_CreateOrder_FailedToDeliver_IT_Test.xml" />
		<Test testFile="CreateOrder/IKEA_CreateOrder_BackOrdered_IT_Test.xml" />
		<Test testFile="ChangeOrder/IKEA_ChangeOrder_QuantityChange_IT_Test.xml" />

	</Tests>
</Suite>
