<?xml version="1.0" encoding="UTF-8"?>
<Suite name="IKEASuite" active="Y" description="Test Suite containing the test case for the IKEA Pilot">
	<Tests>
		<Test testFile="ItemManagement/IKEA_ItemManagement_createSingleItem_service.xml"/>
		<Test testFile="ItemManagement/IKEA_ItemManagement_createMultiple_service.xml"/>
		<Test testFile="ItemManagement/IKEA_ItemManagement_updateSingleItem_service.xml"/>
		<!--<Test testFile="IKEA/ItemManagement/IKEA_ItemManagement_badXML_Failure.xml"/>
		

		<Test testFile="IKEA/UserManagement/IKEA_UserManagement_createUser.xml"/>
-->
                <Test testFile="Organization/IKEA_Organization_CreateCDC_UT_001.xml"/>
				<Test testFile="Organization/IKEA_Organization_CreateStore_UT_002.xml"/>
				<Test testFile="Organization/IKEA_Organization_CreateSupplier_UT_003.xml"/>
				<Test testFile="Organization/IKEA_Organization_CreateLSC_UT_004.xml"/>
				<Test testFile="Organization/IKEA_Organization_DeleteCDC_UT_005.xml"/>
				<Test testFile="Organization/IKEA_Organization_DeleteLSC_UT_006.xml"/>
				<Test testFile="Organization/IKEA_Organization_DeleteSupplier_UT_007.xml"/>
				<Test testFile="Organization/IKEA_Organization_DeleteStore_UT_008.xml"/>
				
				
				<Test testFile="UserManagement/IKEA_UserManagement_createUser_service.xml"/>

	</Tests>
</Suite>