<?xml version='1.0' encoding='UTF-8'?>
<content xmlns:SOAP-ENV="http://schemas.xmlsoap.org/soap/envelope/" xmlns:SOAP-ENC="http://schemas.xmlsoap.org/soap/encoding/" xmlns:xsd="http://www.w3.org/2001/XMLSchema" xmlns:xsi="http://www.w3.org/2001/XMLSchema-instance" xmlns:bus="http://developer.cognos.com/schemas/bibus/3/" xmlns:cm="http://developer.cognos.com/schemas/bibus/3/">
	<cmBuildNumber>8.2.1587.0</cmBuildNumber>
	<archiveVersion>5</archiveVersion>
	<exportedPackages>
		<filePackage>
			<filename>package1.xml</filename>
			<name>
				<item>
					<locale xsi:type="xsd:string">en-us</locale><value xsi:type="xsd:string">Custom Reports</value>
				</item>
			</name>
		</filePackage>
	</exportedPackages>
	<plugins>
		<plugin>
			<pluginName>QS_QSMiniQuery</pluginName>
			<pluginVersion>2.002</pluginVersion>
		</plugin>
		<plugin>
			<pluginName>CM_internal</pluginName>
			<pluginVersion>3.004</pluginVersion>
		</plugin>
		<plugin>
			<pluginName>CPS_portalPage</pluginName>
			<pluginVersion>2.001</pluginVersion>
		</plugin>
		<plugin>
			<pluginName>ANS_ANSHighLeveSpec</pluginName>
			<pluginVersion>2.002</pluginVersion>
		</plugin>
		<plugin>
			<pluginName>RSpecUpgrade_RSpecUpgrade</pluginName>
			<pluginVersion>3.0</pluginVersion>
		</plugin>
		<plugin>
			<pluginName>FM_Model</pluginName>
			<pluginVersion>2.002</pluginVersion>
		</plugin>
	</plugins>
</content>
