<?xml version='1.0' encoding='UTF-8'?>
<deploymentRecord xmlns:SOAP-ENV="http://schemas.xmlsoap.org/soap/envelope/" xmlns:SOAP-ENC="http://schemas.xmlsoap.org/soap/encoding/" xmlns:xsd="http://www.w3.org/2001/XMLSchema" xmlns:xsi="http://www.w3.org/2001/XMLSchema-instance" xmlns:bus="http://developer.cognos.com/schemas/bibus/3/" xmlns:cm="http://developer.cognos.com/schemas/bibus/3/">
	<cmBuildNumber xsi:type="xsd:string">8.2.1587.0</cmBuildNumber>
	<archiveVersion xsi:type="xsd:string">5</archiveVersion>
	<archive xsi:type="xsd:string">Custom_Reports_BR274_072910</archive>
	<options xsi:type="SOAP-ENC:Array" SOAP-ENC:arrayType="bus:deploymentOption[26]">
		<item xsi:type="bus:deploymentOptionMultilingualString">
			<name xsi:type="bus:deploymentOptionEnum">deploymentName</name>
			<value xsi:type="SOAP-ENC:Array" SOAP-ENC:arrayType="bus:multilingualString[1]">
				<item xsi:type="bus:multilingualString">
					<locale xsi:type="xsd:string">en-us</locale><value xsi:type="xsd:string">Custom_Reports_BR274_072910</value>
				</item>
			</value>
		</item>
		<item xsi:type="bus:deploymentOptionMultilingualString">
			<name xsi:type="bus:deploymentOptionEnum">deploymentDescription</name>
			<value xsi:type="SOAP-ENC:Array" SOAP-ENC:arrayType="bus:multilingualString[1]">
				<item xsi:type="bus:multilingualString">
					<locale xsi:type="xsd:string">en-us</locale><value xsi:type="xsd:string"></value>
				</item>
			</value>
		</item>
		<item xsi:type="bus:deploymentOptionMultilingualString">
			<name xsi:type="bus:deploymentOptionEnum">deploymentScreenTip</name>
			<value xsi:type="SOAP-ENC:Array" SOAP-ENC:arrayType="bus:multilingualString[1]">
				<item xsi:type="bus:multilingualString">
					<locale xsi:type="xsd:string">en-us</locale><value xsi:type="xsd:string"></value>
				</item>
			</value>
		</item>
		<item xsi:type="bus:deploymentOptionPackageInfo">
			<name xsi:type="bus:deploymentOptionEnum">package</name>
			<value xsi:type="SOAP-ENC:Array" SOAP-ENC:arrayType="bus:packageDeploymentInfo[1]">
				<item xsi:type="bus:packageDeploymentInfo">
					<sourceName xsi:type="SOAP-ENC:Array" SOAP-ENC:arrayType="bus:multilingualToken[1]">
						<item xsi:type="bus:multilingualToken">
							<locale xsi:type="xsd:string">en-us</locale><value xsi:type="xsd:string">Custom Reports</value>
						</item>
					</sourceName>
					<targetName xsi:type="SOAP-ENC:Array" SOAP-ENC:arrayType="bus:multilingualToken[1]">
						<item xsi:type="bus:multilingualToken">
							<locale xsi:type="xsd:string">en-us</locale><value xsi:type="xsd:string">Custom Reports</value>
						</item>
					</targetName>
					<enabled xsi:type="xsd:boolean">true</enabled>
				</item>
			</value>
		</item>
		<item xsi:type="bus:deploymentOptionString">
			<name xsi:type="bus:deploymentOptionEnum">archive</name>
			<value xsi:type="xsd:string">Custom_Reports_BR274_072910</value>
		</item>
		<item xsi:type="bus:deploymentOptionBoolean">
			<name xsi:type="bus:deploymentOptionEnum">archiveOverwrite</name>
			<value xsi:type="xsd:boolean">true</value>
		</item>
		<item xsi:type="bus:deploymentOptionBoolean">
			<name xsi:type="bus:deploymentOptionEnum">packageSelect</name>
			<value xsi:type="xsd:boolean">true</value>
		</item>
		<item xsi:type="bus:deploymentOptionBoolean">
			<name xsi:type="bus:deploymentOptionEnum">entireContentStoreSelect</name>
			<value xsi:type="xsd:boolean">false</value>
		</item>
		<item xsi:type="bus:deploymentOptionBoolean">
			<name xsi:type="bus:deploymentOptionEnum">takeOwnership</name>
			<value xsi:type="xsd:boolean">false</value>
		</item>
		<item xsi:type="bus:deploymentOptionResolution">
			<name xsi:type="bus:deploymentOptionEnum">ownershipConflictResolution</name>
			<value xsi:type="bus:conflictResolutionEnum">replace</value>
		</item>
		<item xsi:type="bus:deploymentOptionBoolean">
			<name xsi:type="bus:deploymentOptionEnum">objectPolicies</name>
			<value xsi:type="xsd:boolean">false</value>
		</item>
		<item xsi:type="bus:deploymentOptionResolution">
			<name xsi:type="bus:deploymentOptionEnum">objectPoliciesConflictResolution</name>
			<value xsi:type="bus:conflictResolutionEnum">replace</value>
		</item>
		<item xsi:type="bus:deploymentOptionBoolean">
			<name xsi:type="bus:deploymentOptionEnum">packageOutputs</name>
			<value xsi:type="xsd:boolean">false</value>
		</item>
		<item xsi:type="bus:deploymentOptionResolution">
			<name xsi:type="bus:deploymentOptionEnum">packageOutputsConflictResolution</name>
			<value xsi:type="bus:conflictResolutionEnum">replace</value>
		</item>
		<item xsi:type="bus:deploymentOptionBoolean">
			<name xsi:type="bus:deploymentOptionEnum">packageHistories</name>
			<value xsi:type="xsd:boolean">false</value>
		</item>
		<item xsi:type="bus:deploymentOptionResolution">
			<name xsi:type="bus:deploymentOptionEnum">packageHistoriesConflictResolution</name>
			<value xsi:type="bus:conflictResolutionEnum">replace</value>
		</item>
		<item xsi:type="bus:deploymentOptionBoolean">
			<name xsi:type="bus:deploymentOptionEnum">packageSchedules</name>
			<value xsi:type="xsd:boolean">false</value>
		</item>
		<item xsi:type="bus:deploymentOptionResolution">
			<name xsi:type="bus:deploymentOptionEnum">packageSchedulesConflictResolution</name>
			<value xsi:type="bus:conflictResolutionEnum">replace</value>
		</item>
		<item xsi:type="bus:deploymentOptionBoolean">
			<name xsi:type="bus:deploymentOptionEnum">personalDataSelect</name>
			<value xsi:type="xsd:boolean">false</value>
		</item>
		<item xsi:type="bus:deploymentOptionBoolean">
			<name xsi:type="bus:deploymentOptionEnum">namespaceSelect</name>
			<value xsi:type="xsd:boolean">false</value>
		</item>
		<item xsi:type="bus:deploymentOptionBoolean">
			<name xsi:type="bus:deploymentOptionEnum">namespaceThirdParty</name>
			<value xsi:type="xsd:boolean">false</value>
		</item>
		<item xsi:type="bus:deploymentOptionResolution">
			<name xsi:type="bus:deploymentOptionEnum">namespaceConflictResolution</name>
			<value xsi:type="bus:conflictResolutionEnum">replace</value>
		</item>
		<item xsi:type="bus:deploymentOptionBoolean">
			<name xsi:type="bus:deploymentOptionEnum">dataSourceSelect</name>
			<value xsi:type="xsd:boolean">false</value>
		</item>
		<item xsi:type="bus:deploymentOptionBoolean">
			<name xsi:type="bus:deploymentOptionEnum">dataSourceSignonSelect</name>
			<value xsi:type="xsd:boolean">false</value>
		</item>
		<item xsi:type="bus:deploymentOptionResolution">
			<name xsi:type="bus:deploymentOptionEnum">dataSourceConflictResolution</name>
			<value xsi:type="bus:conflictResolutionEnum">replace</value>
		</item>
		<item xsi:type="bus:deploymentOptionBoolean">
			<name xsi:type="bus:deploymentOptionEnum">recipientsSelect</name>
			<value xsi:type="xsd:boolean">false</value>
		</item>
		<item xsi:type="bus:deploymentOptionResolution">
			<name xsi:type="bus:deploymentOptionEnum">recipientsConflictResolution</name>
			<value xsi:type="bus:conflictResolutionEnum">replace</value>
		</item>
	</options>
	<deploymentObjects xsi:type="SOAP-ENC:Array" SOAP-ENC:arrayType="bus:deploymentObject[79]">
	</deploymentObjects>
</deploymentRecord>
