<?xml version="1.0" encoding="UTF-8"?>
<p:Environments xmlns:p="http://www.lightwellinc.com/stf-env.xsd" xmlns:xsi="http://www.w3.org/2001/XMLSchema-instance"
	xsi:schemaLocation="http://www.lightwellinc.com/stf-env.xsd ../../schemas/SterlingTestFramework-Environments.xsd ">
	<Environment Default="Y" Name="LOCAL">
		<SterlingEndpoint Url="http://localhost:7010/smcfs/interop/InteropHttpServlet"></SterlingEndpoint>
		<Users>
			<User Default="Y" UserName="admin" Password="password"></User>
			<User Default="N" UserName="admin2" Password="password"></User>
		</Users>
		<JmsServers>
			<JmsServer Name="WL_JMS" Default="Y" QueueConnectionFactory="AGENT_QCF" ProviderUrl="http://localhost:7010" ProviderType="WEBLOGIC"></JmsServer>
			<JmsServer Name="WS_JMS" Default="N" QueueConnectionFactory="jndi/MyQCF" ProviderUrl="corbaloc::localhost:7009" ProviderType="WEBLOGIC"></JmsServer>
			<JmsServer Name="WMS_MQ" Default="N" QueueConnectionFactory="OMSConnFactory" ProviderUrl="file:/opt/ibm/sterling/oms/properties/JMSBind" ProviderType="FILE"></JmsServer>
		</JmsServers>
	</Environment>
	<Environment Default="N" Name="DEV">
		<SterlingEndpoint Url="http://localhost:9082/smcfs/interop/InteropHttpServlet"></SterlingEndpoint>
		<Users>
			<User Default="Y" UserName="admin" Password="password"></User>
		</Users>
		<JmsServers>
			<JmsServer Name="WS_JMS" Default="N" QueueConnectionFactory="jms/QCF" ProviderUrl="corbaloc::172.123.32.21:2811" ProviderType="WEBSPHERE"></JmsServer>
			<JmsServer Name="WMS_MQ" Default="Y" QueueConnectionFactory="OMSConnFactory" ProviderUrl="file:/opt/ibm/sterling/oms/properties/JMSBind" ProviderType="FILE"></JmsServer>
		</JmsServers>
	</Environment>
</p:Environments>
