<?xml version="1.0" encoding="UTF-8"?>
<Component xmlns="http://www.lightwellinc.com/stf-component.xsd"
	xmlns:p1="http://www.lightwellinc.com/stf-common.xsd" xmlns:xsi="http://www.w3.org/2001/XMLSchema-instance"
	xsi:schemaLocation="http://www.lightwellinc.com/stf-component.xsd ../../schemas/SterlingTestFramework-Component.xsd "
	Name="IKEA_ItemManagement_createSingleItem_service" Active="Y" Description="IKEA ItemManagement pushing message to queue then calling getOrderList to confirm change">
	<Steps>
		<Sequence Number="1" Delay="2">
			<p1:Service Name="IKEAManageItemSyncService"></p1:Service>
			<p1:Documents>
				<p1:Document Type="INPUT_DOCUMENT" FileName="IKEA_ItemManagement_ItemManagement.xml" Location="resources/xml/input/IKEA/ItemManagement/">
				</p1:Document>
			</p1:Documents>
		</Sequence>
		<Sequence Number="2">
			<p1:Api Name="getItemList"></p1:Api>
			<p1:Documents>
				<p1:Document Type="INPUT_DOCUMENT" FileName="IKEA_ItemManagement_getItemList_input.xml" Location="resources/xml/input/IKEA/ItemManagement/">
				</p1:Document>
				<p1:Document Type="OUTPUT_TEMPLATE" FileName="IKEA_ItemManagement_getItemList_output.xml" Location="resources/xml/output/IKEA/ItemManagement/"></p1:Document>
			</p1:Documents>
			<p1:Validations>
				<p1:Validate ValidationType="XPATH"
					Expected="${Item.ItemID}" Path="/ItemList/Item/@ItemID">
				</p1:Validate>
				<p1:Validate ValidationType="XPATH"
					Expected="${PrimaryInformation.Description}" Path="/ItemList/Item/PrimaryInformation/@Description">
				</p1:Validate>
			</p1:Validations>
			<p1:Parameters></p1:Parameters>
		</Sequence>
	</Steps>
	<Parameters/>
</Component>